post_id,subreddit,threat_category,sentiment,compound
1vnje0d,cybersecurity,no_clasificado,positivo,0.7213
1vnhurv,cybersecurity,no_clasificado,positivo,0.89
1vng5gc,cybersecurity,no_clasificado,positivo,0.34
1vnbfh5,cybersecurity,vulnerabilidad,negativo,-0.5439
1vn7b12,cybersecurity,no_clasificado,neutral,0.0
1vn9ocs,cybersecurity,phishing,positivo,0.3501
1vnk26g,cybersecurity,phishing,negativo,-0.9136
1vnkak3,cybersecurity,phishing,negativo,-0.9558
1vnl1zy,cybersecurity,no_clasificado,positivo,0.8255
1vnaaof,cybersecurity,no_clasificado,positivo,0.9547
1vnepg2,cybersecurity,no_clasificado,positivo,0.4215
1vncohh,cybersecurity,no_clasificado,positivo,0.659
1vnejoj,cybersecurity,no_clasificado,positivo,0.4019
1vnc04h,cybersecurity,phishing,positivo,0.8823
1vnke8q,cybersecurity,no_clasificado,negativo,-0.8037
1vn7hdo,cybersecurity,phishing,negativo,-0.6705
1vni921,cybersecurity,no_clasificado,positivo,0.7476
1vnetg7,cybersecurity,vulnerabilidad,positivo,0.993
1vn8v7j,cybersecurity,no_clasificado,negativo,-0.8126
1vn2m63,malware,no_clasificado,negativo,-0.2732
1vjz49y,malware,malware,negativo,-0.5719
1vj4co9,malware,no_clasificado,negativo,-0.4767
1v81e03,malware,phishing,neutral,0.0
1vel4w2,malware,ransomware,negativo,-0.8271
1v6jczu,malware,no_clasificado,positivo,0.8348
1v1p6bv,malware,no_clasificado,negativo,-0.4019
1vbdorb,malware,ransomware,negativo,-0.4767
1v4a1bh,malware,no_clasificado,positivo,0.1901
1vfhe03,malware,malware,positivo,0.6486
1vikefx,malware,no_clasificado,neutral,0.0
1uzrxbq,malware,no_clasificado,positivo,0.995
1v95kr8,malware,phishing,negativo,-0.5423
1v7ueie,malware,malware,neutral,0.0
1vmcf6y,malware,malware,neutral,0.0
1vczz50,malware,phishing,negativo,-0.25
1vh4riw,malware,no_clasificado,negativo,-0.3818
1vf3niv,malware,malware,positivo,0.8452
1vdit0y,malware,no_clasificado,negativo,-0.7003
1vnmye4,netsec,ransomware,negativo,-0.1027
1vhh5xw,netsec,no_clasificado,negativo,-0.411
1vnm0b2,netsec,no_clasificado,negativo,-0.8442
1vlbhe1,netsec,no_clasificado,positivo,0.0772
1vmadcw,netsec,vulnerabilidad,neutral,0.0
1vj2hiw,netsec,malware,neutral,0.0
1ulbf96,netsec,no_clasificado,positivo,0.969
1vjfos6,netsec,no_clasificado,negativo,-0.9552
1vn94sg,netsec,no_clasificado,positivo,0.5719
1vg20wg,netsec,vulnerabilidad,positivo,0.0717
1vi8ibp,netsec,no_clasificado,negativo,-0.7506
1vktfi3,netsec,vulnerabilidad,negativo,-0.7783
1vilqda,netsec,no_clasificado,negativo,-0.34
1vcngz2,netsec,no_clasificado,positivo,0.8151
1vir8aq,netsec,vulnerabilidad,negativo,-0.2755
1vf5zwc,netsec,no_clasificado,positivo,0.5859
1vjxr66,netsec,vulnerabilidad,positivo,0.0516
1vfpmhg,netsec,no_clasificado,neutral,0.0
1vndp8e,netsec,vulnerabilidad,negativo,-0.8074
1vm95nk,netsec,no_clasificado,negativo,-0.0772
1vi380e,netsec,no_clasificado,positivo,0.7357
1vijs4n,netsec,no_clasificado,positivo,0.9216
1w2mktz,netsec,no_clasificado,neutral,0.0
1vz6179,netsec,malware,negativo,-0.8779
1vru26k,netsec,vulnerabilidad,positivo,0.3612
1w429pe,netsec,vulnerabilidad,positivo,0.0516
1vsm77y,netsec,no_clasificado,negativo,-0.4767
1vk1ybs,netsec,otro,neutral,0.0
1w05xwz,netsec,no_clasificado,positivo,0.4824
1vlsvsn,netsec,no_clasificado,negativo,-0.3182
1w46vwa,netsec,no_clasificado,neutral,0.0
1vslpnb,netsec,no_clasificado,negativo,-0.4404
1w5l1j8,netsec,vulnerabilidad,positivo,0.91
1vz4fym,netsec,no_clasificado,positivo,0.6486
1vrtfdo,netsec,no_clasificado,neutral,0.0
1vyzs1y,netsec,no_clasificado,positivo,0.1779
1vskftw,netsec,no_clasificado,positivo,0.9892
1vqojw3,netsec,otro,negativo,-0.2263
1vx4j41,netsec,no_clasificado,neutral,0.0
1vxw6ym,netsec,otro,positivo,0.3612
1vrw3fd,netsec,vulnerabilidad,negativo,-0.7096
1w4dvux,netsec,vulnerabilidad,negativo,-0.1027
1vfdep6,netsec,no_clasificado,neutral,0.0
1w5pgmk,netsec,phishing,negativo,-0.296
1vzxkxm,netsec,no_clasificado,negativo,-0.4019
1viux00,netsec,no_clasificado,negativo,-0.3725
1vsbk66,netsec,no_clasificado,positivo,0.802
1vrpmr2,netsec,otro,positivo,0.5719
1vgr9gv,netsec,vulnerabilidad,negativo,-0.4215
1w5hjc8,netsec,no_clasificado,neutral,0.0
1vg9704,netsec,vulnerabilidad,neutral,0.0
1w4aj8x,netsec,vulnerabilidad,positivo,0.4019
1vxfd50,netsec,no_clasificado,negativo,-0.5423
1vr9ccc,netsec,ransomware,negativo,-0.34
1vy5zqu,netsec,no_clasificado,neutral,0.0
1w4c1cg,netsec,no_clasificado,positivo,0.8151
1vzx029,netsec,no_clasificado,neutral,0.0
1w4agtv,netsec,vulnerabilidad,neutral,0.0
1vyonto,netsec,no_clasificado,neutral,0.0
1vlkth5,netsec,vulnerabilidad,positivo,0.765
1vx6xaj,netsec,no_clasificado,neutral,0.0
1w36tcq,netsec,otro,positivo,0.3612
1vyxx41,netsec,vulnerabilidad,positivo,0.25
1vnbfg8,cybersecurity,no_clasificado,negativo,-0.0772
1vnintr,cybersecurity,no_clasificado,positivo,0.6774
1vniqtd,cybersecurity,no_clasificado,positivo,0.9325
1vnc6m5,cybersecurity,no_clasificado,negativo,-0.4767
1vn8hpr,cybersecurity,no_clasificado,negativo,-0.4588
1vnc7i7,cybersecurity,vulnerabilidad,positivo,0.0772
1v8r0f2,malware,no_clasificado,positivo,0.743
1v6jcus,malware,no_clasificado,positivo,0.5913
1v20htk,malware,malware,negativo,-0.4767
1vkt5f9,malware,vulnerabilidad,negativo,-0.1585
1vbhehl,malware,malware,negativo,-0.8136
1v0i6zn,malware,malware,neutral,0.0
