post_id,threat_category,sentiment
1vsm77y,malware,neutral
1vslpnb,otro,neutral
1vskftw,vulnerabilidad,positivo
1vqojw3,vulnerabilidad,negativo
1vzx029,no_clasificado,neutral
1w4agtv,vulnerabilidad,neutral
1vyonto,otro,neutral
1vyxx41,otro,neutral
1vnbfg8,no_clasificado,neutral
1vnc7i7,no_clasificado,positivo
1v1p6bv,malware,neutral
1v6jczu,malware,neutral
1v7ueie,malware,neutral
1v81e03,phishing,neutral
1vbdorb,ransomware,neutral
1vczz50,otro,neutral
1vdit0y,malware,neutral
1vel4w2,ransomware,neutral
1vf3niv,malware,neutral
1vhh5xw,otro,neutral
1vi8ibp,vulnerabilidad,neutral
1vijs4n,vulnerabilidad,neutral
1vilqda,vulnerabilidad,neutral
1vj4co9,malware,neutral
1vjz49y,malware,neutral
1vktfi3,otro,neutral
1vm95nk,vulnerabilidad,neutral
1vmcf6y,malware,neutral
1vn94sg,no_clasificado,neutral
1vndp8e,vulnerabilidad,neutral
1vng5gc,no_clasificado,neutral
1vnl1zy,no_clasificado,negativo
